{
	"song": {
		"player1": "bf",
		"notes": [
			{
				"sectionNotes": [],
				"lengthInSteps": 16,
				"mustHitSection": false
			},
			{
				"sectionNotes": [],
				"lengthInSteps": 16,
				"mustHitSection": false
			},
			{
				"sectionNotes": [],
				"lengthInSteps": 16,
				"mustHitSection": true
			},
			{
				"sectionNotes": [],
				"lengthInSteps": 16,
				"mustHitSection": true
			},
			{
				"sectionNotes": [],
				"lengthInSteps": 16,
				"bpm": 176,
				"mustHitSection": false,
				"changeBPM": false
			},
			{
				"sectionNotes": [],
				"lengthInSteps": 16,
				"mustHitSection": false
			},
			{
				"sectionNotes": [],
				"lengthInSteps": 16,
				"mustHitSection": true
			},
			{
				"sectionNotes": [],
				"lengthInSteps": 16,
				"mustHitSection": false
			},
			{
				"sectionNotes": [
					[
						10378.3783783784,
						2,
						0
					],
					[
						10702.7027027027,
						2,
						0
					],
					[
						11351.3513513514,
						2,
						0
					],
					[
						11027.027027027,
						1,
						0
					]
				],
				"lengthInSteps": 16,
				"mustHitSection": false
			},
			{
				"sectionNotes": [
					[
						11837.8378378378,
						3,
						0
					],
					[
						12000,
						0,
						0
					],
					[
						12324.3243243243,
						0,
						0
					],
					[
						12648.6486486486,
						1,
						0
					]
				],
				"lengthInSteps": 16,
				"mustHitSection": false
			},
			{
				"sectionNotes": [
					[
						12972.972972973,
						2,
						0
					],
					[
						13297.2972972973,
						2,
						0
					],
					[
						13945.9459459459,
						2,
						0
					],
					[
						13621.6216216216,
						1,
						0
					]
				],
				"lengthInSteps": 16,
				"mustHitSection": true
			},
			{
				"sectionNotes": [
					[
						14432.4324324324,
						3,
						0
					],
					[
						14594.5945945946,
						0,
						0
					],
					[
						14918.9189189189,
						0,
						0
					],
					[
						15243.2432432432,
						1,
						0
					]
				],
				"lengthInSteps": 16,
				"mustHitSection": true
			},
			{
				"sectionNotes": [
					[
						15567.5675675676,
						1,
						0
					],
					[
						15729.7297297297,
						3,
						0
					],
					[
						15891.8918918919,
						1,
						0
					],
					[
						16054.0540540541,
						3,
						0
					],
					[
						16378.3783783784,
						0,
						0
					],
					[
						16540.5405405405,
						2,
						0
					]
				],
				"lengthInSteps": 16,
				"mustHitSection": false
			},
			{
				"sectionNotes": [
					[
						16864.8648648649,
						3,
						0
					],
					[
						17027.027027027,
						1,
						0
					],
					[
						17189.1891891892,
						1,
						0
					],
					[
						17513.5135135135,
						3,
						0
					],
					[
						17837.8378378378,
						0,
						0
					]
				],
				"lengthInSteps": 16,
				"mustHitSection": false
			},
			{
				"sectionNotes": [
					[
						18162.1621621622,
						1,
						0
					],
					[
						18324.3243243243,
						3,
						0
					],
					[
						18486.4864864865,
						1,
						0
					],
					[
						18648.6486486486,
						3,
						0
					],
					[
						18972.972972973,
						0,
						0
					],
					[
						19135.1351351351,
						2,
						0
					]
				],
				"lengthInSteps": 16,
				"mustHitSection": true
			},
			{
				"sectionNotes": [
					[
						19459.4594594595,
						3,
						0
					],
					[
						19621.6216216216,
						1,
						0
					],
					[
						19783.7837837838,
						1,
						0
					],
					[
						20108.1081081081,
						3,
						0
					],
					[
						20432.4324324324,
						0,
						0
					]
				],
				"lengthInSteps": 16,
				"mustHitSection": true
			},
			{
				"sectionNotes": [
					[
						20756.7567567568,
						3,
						0
					],
					[
						20918.9189189189,
						1,
						0
					],
					[
						21000,
						0,
						0
					],
					[
						21081.0810810811,
						2,
						0
					],
					[
						21243.2432432432,
						3,
						0
					],
					[
						21324.3243243243,
						1,
						0
					],
					[
						21405.4054054054,
						3,
						0
					],
					[
						21567.5675675676,
						0,
						0
					],
					[
						21729.7297297297,
						2,
						0
					],
					[
						21891.8918918919,
						1,
						0
					],
					[
						21972.972972973,
						3,
						0
					]
				],
				"lengthInSteps": 16,
				"mustHitSection": false
			},
			{
				"sectionNotes": [
					[
						22054.054054054,
						2,
						0
					],
					[
						22216.2162162162,
						0,
						0
					],
					[
						22378.3783783784,
						1,
						0
					],
					[
						22540.5405405405,
						3,
						0
					],
					[
						22702.7027027027,
						2,
						0
					],
					[
						22783.7837837838,
						0,
						0
					],
					[
						22864.8648648649,
						2,
						0
					],
					[
						22945.9459459459,
						0,
						0
					],
					[
						23027.027027027,
						1,
						0
					],
					[
						23189.1891891892,
						3,
						0
					]
				],
				"lengthInSteps": 16,
				"mustHitSection": false
			},
			{
				"sectionNotes": [
					[
						23351.3513513513,
						3,
						0
					],
					[
						23513.5135135135,
						1,
						0
					],
					[
						23594.5945945946,
						0,
						0
					],
					[
						23675.6756756757,
						2,
						0
					],
					[
						23837.8378378378,
						3,
						0
					],
					[
						23918.9189189189,
						1,
						0
					],
					[
						24000,
						3,
						0
					],
					[
						24162.1621621622,
						0,
						0
					],
					[
						24324.3243243243,
						2,
						0
					],
					[
						24486.4864864865,
						1,
						0
					],
					[
						24567.5675675676,
						3,
						0
					]
				],
				"lengthInSteps": 16,
				"mustHitSection": true
			},
			{
				"sectionNotes": [
					[
						24648.6486486486,
						2,
						0
					],
					[
						24810.8108108108,
						0,
						0
					],
					[
						24972.972972973,
						1,
						0
					],
					[
						25135.1351351351,
						3,
						0
					],
					[
						25297.2972972973,
						2,
						0
					],
					[
						25378.3783783784,
						0,
						0
					],
					[
						25459.4594594595,
						2,
						0
					],
					[
						25540.5405405405,
						0,
						0
					],
					[
						25621.6216216216,
						1,
						0
					],
					[
						25783.7837837838,
						3,
						0
					]
				],
				"lengthInSteps": 16,
				"mustHitSection": true
			},
			{
				"sectionNotes": [
					[
						25945.9459459459,
						1,
						0
					],
					[
						26108.1081081081,
						3,
						0
					],
					[
						26189.1891891892,
						2,
						0
					],
					[
						26270.2702702703,
						1,
						0
					],
					[
						26432.4324324324,
						0,
						0
					],
					[
						26513.5135135135,
						3,
						0
					],
					[
						26594.5945945946,
						1,
						0
					],
					[
						26756.7567567567,
						2,
						0
					],
					[
						26918.9189189189,
						1,
						0
					],
					[
						27081.0810810811,
						0,
						0
					],
					[
						27162.1621621622,
						1,
						0
					]
				],
				"lengthInSteps": 16,
				"mustHitSection": false
			},
			{
				"sectionNotes": [
					[
						27243.2432432432,
						3,
						0
					],
					[
						27324.3243243243,
						1,
						0
					],
					[
						27405.4054054054,
						3,
						0
					],
					[
						27486.4864864865,
						1,
						0
					],
					[
						27567.5675675676,
						2,
						0
					],
					[
						27891.8918918919,
						2,
						0
					],
					[
						27972.972972973,
						0,
						0
					],
					[
						28054.054054054,
						2,
						0
					],
					[
						28135.1351351351,
						0,
						0
					],
					[
						28216.2162162162,
						3,
						0
					]
				],
				"lengthInSteps": 16,
				"mustHitSection": false
			},
			{
				"sectionNotes": [
					[
						28540.5405405405,
						1,
						0
					],
					[
						28702.7027027027,
						3,
						0
					],
					[
						28783.7837837838,
						2,
						0
					],
					[
						28864.8648648649,
						1,
						0
					],
					[
						29027.027027027,
						0,
						0
					],
					[
						29108.1081081081,
						3,
						0
					],
					[
						29189.1891891892,
						1,
						0
					],
					[
						29351.3513513513,
						2,
						0
					],
					[
						29513.5135135135,
						1,
						0
					],
					[
						29675.6756756757,
						0,
						0
					],
					[
						29756.7567567567,
						1,
						0
					]
				],
				"lengthInSteps": 16,
				"mustHitSection": true
			},
			{
				"sectionNotes": [
					[
						29837.8378378378,
						3,
						0
					],
					[
						29918.9189189189,
						1,
						0
					],
					[
						30000,
						3,
						0
					],
					[
						30081.0810810811,
						1,
						0
					],
					[
						30162.1621621622,
						2,
						0
					],
					[
						30486.4864864865,
						2,
						0
					],
					[
						30567.5675675676,
						0,
						0
					],
					[
						30648.6486486486,
						2,
						0
					],
					[
						30729.7297297297,
						0,
						0
					],
					[
						30810.8108108108,
						3,
						0
					]
				],
				"lengthInSteps": 16,
				"mustHitSection": true
			},
			{
				"sectionNotes": [
					[
						31135.1351351351,
						3,
						0
					],
					[
						31297.2972972973,
						1,
						0
					],
					[
						31459.4594594595,
						2,
						0
					],
					[
						31621.6216216216,
						3,
						0
					],
					[
						31702.7027027027,
						1,
						0
					],
					[
						31783.7837837838,
						3,
						0
					],
					[
						31945.9459459459,
						0,
						0
					],
					[
						32108.1081081081,
						2,
						0
					],
					[
						32270.2702702703,
						1,
						0
					],
					[
						32351.3513513513,
						3,
						0
					],
					[
						31540.5405405405,
						1,
						0
					],
					[
						32189.1891891892,
						0,
						0
					]
				],
				"lengthInSteps": 16,
				"mustHitSection": false
			},
			{
				"sectionNotes": [
					[
						32432.4324324324,
						2,
						0
					],
					[
						32594.5945945946,
						0,
						0
					],
					[
						32756.7567567568,
						1,
						0
					],
					[
						32918.9189189189,
						3,
						0
					],
					[
						33081.0810810811,
						2,
						0
					],
					[
						33405.4054054054,
						1,
						0
					],
					[
						33567.5675675676,
						3,
						0
					],
					[
						32837.8378378378,
						2,
						0
					],
					[
						33000,
						1,
						0
					],
					[
						33243.2432432432,
						0,
						0
					]
				],
				"lengthInSteps": 16,
				"mustHitSection": false
			},
			{
				"sectionNotes": [
					[
						33729.7297297297,
						3,
						0
					],
					[
						33891.8918918919,
						1,
						0
					],
					[
						34054.054054054,
						2,
						0
					],
					[
						34216.2162162162,
						3,
						0
					],
					[
						34297.2972972973,
						1,
						0
					],
					[
						34378.3783783784,
						3,
						0
					],
					[
						34540.5405405405,
						0,
						0
					],
					[
						34702.7027027027,
						2,
						0
					],
					[
						34864.8648648649,
						1,
						0
					],
					[
						34945.9459459459,
						3,
						0
					],
					[
						34135.1351351351,
						1,
						0
					],
					[
						34783.7837837838,
						0,
						0
					]
				],
				"lengthInSteps": 16,
				"mustHitSection": true
			},
			{
				"sectionNotes": [
					[
						35027.027027027,
						2,
						0
					],
					[
						35189.1891891892,
						0,
						0
					],
					[
						35351.3513513513,
						1,
						0
					],
					[
						35513.5135135135,
						3,
						0
					],
					[
						35675.6756756757,
						2,
						0
					],
					[
						36000,
						1,
						0
					],
					[
						36162.1621621622,
						3,
						0
					],
					[
						35432.4324324324,
						2,
						0
					],
					[
						35594.5945945946,
						1,
						0
					],
					[
						35837.8378378378,
						0,
						0
					]
				],
				"lengthInSteps": 16,
				"mustHitSection": true
			},
			{
				"sectionNotes": [
					[
						36324.3243243243,
						1,
						0
					],
					[
						36486.4864864865,
						3,
						0
					],
					[
						36648.6486486486,
						1,
						0
					],
					[
						36810.8108108108,
						0,
						0
					],
					[
						36891.8918918919,
						3,
						0
					],
					[
						36972.972972973,
						1,
						0
					],
					[
						37135.1351351351,
						2,
						0
					],
					[
						37297.2972972973,
						1,
						0
					],
					[
						37459.4594594595,
						0,
						0
					],
					[
						37540.5405405405,
						1,
						0
					],
					[
						37378.3783783784,
						2,
						0
					],
					[
						36729.7297297297,
						2,
						0
					]
				],
				"lengthInSteps": 16,
				"mustHitSection": false
			},
			{
				"sectionNotes": [
					[
						37621.6216216216,
						3,
						0
					],
					[
						37783.7837837838,
						1,
						0
					],
					[
						37945.9459459459,
						3,
						0
					],
					[
						38027.027027027,
						2,
						0
					],
					[
						38108.1081081081,
						0,
						0
					],
					[
						38189.1891891892,
						3,
						0
					],
					[
						38270.2702702703,
						1,
						0
					],
					[
						38432.4324324324,
						2,
						0
					],
					[
						38594.5945945946,
						1,
						0
					],
					[
						38756.7567567568,
						3,
						0
					]
				],
				"lengthInSteps": 16,
				"mustHitSection": false
			},
			{
				"sectionNotes": [
					[
						38918.9189189189,
						1,
						0
					],
					[
						39081.0810810811,
						3,
						0
					],
					[
						39243.2432432432,
						1,
						0
					],
					[
						39405.4054054054,
						0,
						0
					],
					[
						39486.4864864865,
						3,
						0
					],
					[
						39567.5675675676,
						1,
						0
					],
					[
						39729.7297297297,
						2,
						0
					],
					[
						39891.8918918919,
						1,
						0
					],
					[
						40054.054054054,
						0,
						0
					],
					[
						40135.1351351351,
						1,
						0
					],
					[
						39972.972972973,
						2,
						0
					],
					[
						39324.3243243243,
						2,
						0
					]
				],
				"lengthInSteps": 16,
				"gfSection": false,
				"mustHitSection": true
			},
			{
				"sectionNotes": [
					[
						40216.2162162162,
						3,
						0
					],
					[
						40378.3783783784,
						1,
						0
					],
					[
						40540.5405405405,
						3,
						0
					],
					[
						40621.6216216216,
						2,
						0
					],
					[
						40702.7027027027,
						0,
						0
					],
					[
						40783.7837837838,
						3,
						0
					],
					[
						40864.8648648649,
						1,
						0
					],
					[
						41027.027027027,
						2,
						0
					],
					[
						41189.1891891892,
						1,
						0
					],
					[
						41351.3513513513,
						3,
						0
					]
				],
				"lengthInSteps": 16,
				"mustHitSection": true
			},
			{
				"sectionNotes": [
					[
						41513.5135135135,
						1,
						243.243243243243
					],
					[
						41837.8378378378,
						3,
						0
					],
					[
						42000,
						2,
						0
					],
					[
						42162.1621621622,
						0,
						243.243243243243
					],
					[
						42486.4864864865,
						1,
						0
					],
					[
						42648.6486486487,
						2,
						0
					]
				],
				"lengthInSteps": 16,
				"mustHitSection": false
			},
			{
				"sectionNotes": [
					[
						42810.8108108108,
						1,
						243.243243243243
					],
					[
						43135.1351351351,
						3,
						0
					],
					[
						43459.4594594595,
						0,
						243.243243243243
					],
					[
						43783.7837837838,
						1,
						0
					],
					[
						43945.945945946,
						2,
						0
					],
					[
						43459.4594594595,
						2,
						243.243243243243
					],
					[
						43297.2972972973,
						1,
						0
					]
				],
				"lengthInSteps": 16,
				"mustHitSection": false
			},
			{
				"sectionNotes": [
					[
						44108.1081081081,
						3,
						243.243243243243
					],
					[
						44432.4324324324,
						0,
						0
					],
					[
						44594.5945945946,
						1,
						0
					],
					[
						44756.7567567568,
						3,
						243.243243243243
					]
				],
				"lengthInSteps": 16,
				"mustHitSection": false
			},
			{
				"sectionNotes": [
					[
						45405.4054054054,
						2,
						243.243243243243
					],
					[
						45729.7297297297,
						1,
						0
					],
					[
						45891.8918918919,
						3,
						0
					],
					[
						46054.0540540541,
						0,
						243.243243243243
					],
					[
						46378.3783783784,
						1,
						0
					],
					[
						46540.5405405406,
						3,
						0
					]
				],
				"lengthInSteps": 16,
				"mustHitSection": false
			},
			{
				"sectionNotes": [
					[
						46702.7027027027,
						1,
						243.243243243243
					],
					[
						47027.027027027,
						3,
						0
					],
					[
						47189.1891891892,
						2,
						0
					],
					[
						47351.3513513514,
						0,
						243.243243243243
					],
					[
						47675.6756756757,
						1,
						0
					],
					[
						47837.8378378378,
						2,
						0
					]
				],
				"lengthInSteps": 16,
				"mustHitSection": true
			},
			{
				"sectionNotes": [
					[
						48000,
						1,
						243.243243243243
					],
					[
						48324.3243243243,
						3,
						0
					],
					[
						48648.6486486487,
						0,
						243.243243243243
					],
					[
						48972.972972973,
						1,
						0
					],
					[
						49135.1351351351,
						2,
						0
					],
					[
						48486.4864864865,
						1,
						0
					]
				],
				"lengthInSteps": 16,
				"mustHitSection": true
			},
			{
				"sectionNotes": [
					[
						49297.2972972973,
						3,
						243.243243243243
					],
					[
						49621.6216216216,
						0,
						0
					],
					[
						49783.7837837838,
						1,
						0
					],
					[
						49945.945945946,
						3,
						243.243243243243
					]
				],
				"lengthInSteps": 16,
				"mustHitSection": true
			},
			{
				"gfSection": false,
				"sectionNotes": [
					[
						50594.5945945946,
						2,
						243.243243243243
					],
					[
						50918.9189189189,
						1,
						0
					],
					[
						51081.0810810811,
						3,
						0
					],
					[
						51243.2432432433,
						0,
						243.243243243243
					],
					[
						51567.5675675676,
						1,
						0
					],
					[
						51729.7297297297,
						3,
						0
					]
				],
				"lengthInSteps": 16,
				"mustHitSection": true
			},
			{
				"gfSection": false,
				"sectionNotes": [
					[
						51891.8918918919,
						1,
						243.243243243243
					],
					[
						52216.2162162162,
						0,
						0
					],
					[
						52297.2972972973,
						3,
						0
					],
					[
						52378.3783783784,
						1,
						0
					],
					[
						52540.5405405406,
						2,
						243.243243243243
					],
					[
						52864.8648648649,
						1,
						0
					],
					[
						53027.0270270271,
						0,
						0
					],
					[
						53108.1081081081,
						3,
						0
					]
				],
				"lengthInSteps": 16,
				"mustHitSection": false
			},
			{
				"gfSection": false,
				"sectionNotes": [
					[
						53189.1891891892,
						2,
						0
					],
					[
						53351.3513513514,
						1,
						0
					],
					[
						53432.4324324325,
						3,
						0
					],
					[
						53513.5135135135,
						0,
						0
					],
					[
						53675.6756756757,
						1,
						0
					],
					[
						53756.7567567568,
						3,
						0
					],
					[
						53837.8378378379,
						0,
						243.243243243243
					],
					[
						54162.1621621622,
						1,
						0
					],
					[
						54324.3243243244,
						3,
						0
					],
					[
						54243.2432432433,
						2,
						0
					],
					[
						54405.4054054054,
						0,
						0
					]
				],
				"lengthInSteps": 16,
				"mustHitSection": false
			},
			{
				"gfSection": false,
				"sectionNotes": [
					[
						54486.4864864865,
						3,
						243.243243243243
					],
					[
						54810.8108108108,
						0,
						0
					],
					[
						54972.972972973,
						1,
						0
					],
					[
						55135.1351351351,
						3,
						243.243243243243
					],
					[
						55054.0540540541,
						2,
						0
					],
					[
						55459.4594594595,
						1,
						0
					],
					[
						55540.5405405406,
						0,
						0
					],
					[
						55621.6216216217,
						2,
						0
					],
					[
						55702.7027027027,
						0,
						0
					]
				],
				"lengthInSteps": 16,
				"mustHitSection": false
			},
			{
				"sectionNotes": [
					[
						56270.2702702703,
						3,
						0
					],
					[
						56918.9189189189,
						3,
						0
					],
					[
						55783.7837837838,
						2,
						0
					],
					[
						55945.945945946,
						1,
						0
					],
					[
						56108.1081081082,
						0,
						0
					],
					[
						56189.1891891892,
						1,
						0
					],
					[
						56432.4324324325,
						0,
						0
					],
					[
						56594.5945945946,
						1,
						0
					],
					[
						56756.7567567568,
						2,
						0
					],
					[
						56837.8378378379,
						1,
						0
					]
				],
				"lengthInSteps": 16,
				"mustHitSection": false
			},
			{
				"sectionNotes": [
					[
						57081.0810810811,
						1,
						243.243243243243
					],
					[
						57405.4054054054,
						0,
						0
					],
					[
						57486.4864864865,
						3,
						0
					],
					[
						57567.5675675676,
						1,
						0
					],
					[
						57729.7297297298,
						2,
						243.243243243243
					],
					[
						58054.0540540541,
						1,
						0
					],
					[
						58216.2162162162,
						0,
						0
					],
					[
						58297.2972972973,
						3,
						0
					]
				],
				"lengthInSteps": 16,
				"mustHitSection": true
			},
			{
				"sectionNotes": [
					[
						58378.3783783784,
						2,
						0
					],
					[
						58540.5405405406,
						1,
						0
					],
					[
						58621.6216216216,
						3,
						0
					],
					[
						58702.7027027027,
						0,
						0
					],
					[
						58864.8648648649,
						1,
						0
					],
					[
						58945.945945946,
						3,
						0
					],
					[
						59027.0270270271,
						0,
						243.243243243243
					],
					[
						59351.3513513514,
						1,
						0
					],
					[
						59513.5135135135,
						3,
						0
					],
					[
						59432.4324324325,
						2,
						0
					],
					[
						59594.5945945946,
						0,
						0
					]
				],
				"lengthInSteps": 16,
				"mustHitSection": true
			},
			{
				"sectionNotes": [
					[
						59675.6756756757,
						3,
						243.243243243243
					],
					[
						60000,
						0,
						0
					],
					[
						60162.1621621622,
						1,
						0
					],
					[
						60324.3243243243,
						3,
						243.243243243243
					],
					[
						60243.2432432433,
						2,
						0
					],
					[
						60648.6486486487,
						1,
						0
					],
					[
						60729.7297297298,
						0,
						0
					],
					[
						60810.8108108108,
						2,
						0
					],
					[
						60891.8918918919,
						0,
						0
					]
				],
				"lengthInSteps": 16,
				"mustHitSection": true
			},
			{
				"sectionNotes": [
					[
						61459.4594594595,
						3,
						0
					],
					[
						62108.1081081081,
						3,
						0
					],
					[
						60972.972972973,
						2,
						0
					],
					[
						61135.1351351352,
						1,
						0
					],
					[
						61297.2972972973,
						0,
						0
					],
					[
						61378.3783783784,
						1,
						0
					],
					[
						61621.6216216217,
						0,
						0
					],
					[
						61783.7837837838,
						1,
						0
					],
					[
						61945.945945946,
						2,
						0
					],
					[
						62027.0270270271,
						1,
						0
					],
					[
						61945.945945946,
						4,
						0
					],
					[
						62108.1081081082,
						6,
						0
					]
				],
				"lengthInSteps": 16,
				"mustHitSection": true
			},
			{
				"sectionNotes": [
					[
						62270.2702702703,
						3,
						0
					],
					[
						62432.4324324324,
						1,
						0
					],
					[
						62513.5135135135,
						0,
						0
					],
					[
						62594.5945945946,
						2,
						0
					],
					[
						62756.7567567568,
						3,
						0
					],
					[
						62837.8378378378,
						1,
						0
					],
					[
						62918.9189189189,
						3,
						0
					],
					[
						63081.0810810811,
						0,
						0
					],
					[
						63243.2432432432,
						2,
						0
					],
					[
						63405.4054054054,
						1,
						0
					],
					[
						63486.4864864865,
						3,
						0
					]
				],
				"lengthInSteps": 16,
				"gfSection": false,
				"mustHitSection": false
			},
			{
				"sectionNotes": [
					[
						63567.5675675676,
						2,
						0
					],
					[
						63729.7297297297,
						0,
						0
					],
					[
						63891.8918918919,
						1,
						0
					],
					[
						64054.0540540541,
						3,
						0
					],
					[
						64216.2162162162,
						2,
						0
					],
					[
						64297.2972972973,
						0,
						0
					],
					[
						64378.3783783784,
						2,
						0
					],
					[
						64459.4594594595,
						0,
						0
					],
					[
						64540.5405405405,
						1,
						0
					],
					[
						64702.7027027027,
						3,
						0
					]
				],
				"lengthInSteps": 16,
				"gfSection": false,
				"mustHitSection": false
			},
			{
				"sectionNotes": [
					[
						64864.8648648649,
						3,
						0
					],
					[
						65027.027027027,
						1,
						0
					],
					[
						65108.1081081081,
						0,
						0
					],
					[
						65189.1891891892,
						2,
						0
					],
					[
						65351.3513513513,
						3,
						0
					],
					[
						65432.4324324324,
						1,
						0
					],
					[
						65513.5135135135,
						3,
						0
					],
					[
						65675.6756756757,
						0,
						0
					],
					[
						65837.8378378378,
						2,
						0
					],
					[
						66000,
						1,
						0
					],
					[
						66081.0810810811,
						3,
						0
					]
				],
				"lengthInSteps": 16,
				"gfSection": false,
				"mustHitSection": true
			},
			{
				"sectionNotes": [
					[
						66162.1621621622,
						2,
						0
					],
					[
						66324.3243243243,
						0,
						0
					],
					[
						66486.4864864865,
						1,
						0
					],
					[
						66648.6486486486,
						3,
						0
					],
					[
						66810.8108108108,
						2,
						0
					],
					[
						66891.8918918919,
						0,
						0
					],
					[
						66972.972972973,
						2,
						0
					],
					[
						67054.0540540541,
						0,
						0
					],
					[
						67135.1351351351,
						1,
						0
					],
					[
						67297.2972972973,
						3,
						0
					]
				],
				"lengthInSteps": 16,
				"gfSection": false,
				"mustHitSection": true
			},
			{
				"sectionNotes": [
					[
						67459.4594594595,
						1,
						0
					],
					[
						67621.6216216216,
						3,
						0
					],
					[
						67702.7027027027,
						2,
						0
					],
					[
						67783.7837837838,
						1,
						0
					],
					[
						67945.9459459459,
						0,
						0
					],
					[
						68027.027027027,
						3,
						0
					],
					[
						68108.1081081081,
						1,
						0
					],
					[
						68270.2702702703,
						2,
						0
					],
					[
						68432.4324324324,
						1,
						0
					],
					[
						68594.5945945946,
						0,
						0
					],
					[
						68675.6756756757,
						1,
						0
					]
				],
				"lengthInSteps": 16,
				"mustHitSection": false
			},
			{
				"gfSection": false,
				"sectionNotes": [
					[
						68756.7567567567,
						3,
						0
					],
					[
						68837.8378378378,
						1,
						0
					],
					[
						68918.9189189189,
						3,
						0
					],
					[
						69000,
						1,
						0
					],
					[
						69081.0810810811,
						2,
						0
					],
					[
						69405.4054054054,
						2,
						0
					],
					[
						69486.4864864865,
						0,
						0
					],
					[
						69567.5675675676,
						2,
						0
					],
					[
						69648.6486486486,
						0,
						0
					],
					[
						69729.7297297297,
						3,
						0
					]
				],
				"lengthInSteps": 16,
				"mustHitSection": false
			},
			{
				"gfSection": false,
				"sectionNotes": [
					[
						70054.0540540541,
						1,
						0
					],
					[
						70216.2162162162,
						3,
						0
					],
					[
						70297.2972972973,
						2,
						0
					],
					[
						70378.3783783784,
						1,
						0
					],
					[
						70540.5405405405,
						0,
						0
					],
					[
						70621.6216216216,
						3,
						0
					],
					[
						70702.7027027027,
						1,
						0
					],
					[
						70864.8648648649,
						2,
						0
					],
					[
						71027.027027027,
						1,
						0
					],
					[
						71189.1891891892,
						0,
						0
					],
					[
						71270.2702702703,
						1,
						0
					]
				],
				"lengthInSteps": 16,
				"mustHitSection": true
			},
			{
				"gfSection": false,
				"sectionNotes": [
					[
						71351.3513513513,
						3,
						0
					],
					[
						71432.4324324324,
						1,
						0
					],
					[
						71513.5135135135,
						3,
						0
					],
					[
						71594.5945945946,
						1,
						0
					],
					[
						71675.6756756757,
						2,
						0
					],
					[
						72000,
						2,
						0
					],
					[
						72081.0810810811,
						0,
						0
					],
					[
						72162.1621621622,
						2,
						0
					],
					[
						72243.2432432432,
						0,
						0
					],
					[
						72324.3243243243,
						3,
						0
					]
				],
				"lengthInSteps": 16,
				"mustHitSection": true
			},
			{
				"sectionNotes": [
					[
						72648.6486486486,
						3,
						0
					],
					[
						72810.8108108108,
						1,
						0
					],
					[
						72972.972972973,
						2,
						0
					],
					[
						73135.1351351351,
						3,
						0
					],
					[
						73216.2162162162,
						1,
						0
					],
					[
						73297.2972972973,
						3,
						0
					],
					[
						73459.4594594595,
						0,
						0
					],
					[
						73621.6216216216,
						2,
						0
					],
					[
						73783.7837837838,
						1,
						0
					],
					[
						73864.8648648649,
						3,
						0
					],
					[
						73054.0540540541,
						1,
						0
					],
					[
						73702.7027027027,
						0,
						0
					]
				],
				"lengthInSteps": 16,
				"gfSection": false,
				"mustHitSection": false
			},
			{
				"sectionNotes": [
					[
						73945.9459459459,
						2,
						0
					],
					[
						74108.1081081081,
						0,
						0
					],
					[
						74270.2702702703,
						1,
						0
					],
					[
						74432.4324324324,
						3,
						0
					],
					[
						74594.5945945946,
						2,
						0
					],
					[
						74918.9189189189,
						1,
						0
					],
					[
						75081.0810810811,
						3,
						0
					],
					[
						74351.3513513513,
						2,
						0
					],
					[
						74513.5135135135,
						1,
						0
					],
					[
						74756.7567567567,
						0,
						0
					]
				],
				"lengthInSteps": 16,
				"mustHitSection": false
			},
			{
				"sectionNotes": [
					[
						75243.2432432432,
						3,
						0
					],
					[
						75405.4054054054,
						1,
						0
					],
					[
						75567.5675675676,
						2,
						0
					],
					[
						75729.7297297297,
						3,
						0
					],
					[
						75810.8108108108,
						1,
						0
					],
					[
						75891.8918918919,
						3,
						0
					],
					[
						76054.0540540541,
						0,
						0
					],
					[
						76216.2162162162,
						2,
						0
					],
					[
						76378.3783783784,
						1,
						0
					],
					[
						76459.4594594595,
						3,
						0
					],
					[
						75648.6486486486,
						1,
						0
					],
					[
						76297.2972972973,
						0,
						0
					]
				],
				"lengthInSteps": 16,
				"mustHitSection": true
			},
			{
				"sectionNotes": [
					[
						76540.5405405405,
						2,
						0
					],
					[
						76702.7027027027,
						0,
						0
					],
					[
						76864.8648648649,
						1,
						0
					],
					[
						77027.027027027,
						3,
						0
					],
					[
						77189.1891891892,
						2,
						0
					],
					[
						77513.5135135135,
						1,
						0
					],
					[
						77675.6756756757,
						3,
						0
					],
					[
						76945.9459459459,
						2,
						0
					],
					[
						77108.1081081081,
						1,
						0
					],
					[
						77351.3513513513,
						0,
						0
					]
				],
				"lengthInSteps": 16,
				"mustHitSection": true
			},
			{
				"sectionNotes": [
					[
						77837.8378378378,
						1,
						0
					],
					[
						78000,
						3,
						0
					],
					[
						78162.1621621622,
						1,
						0
					],
					[
						78324.3243243243,
						0,
						0
					],
					[
						78405.4054054054,
						3,
						0
					],
					[
						78486.4864864865,
						1,
						0
					],
					[
						78648.6486486486,
						2,
						0
					],
					[
						78810.8108108108,
						1,
						0
					],
					[
						78972.972972973,
						0,
						0
					],
					[
						79054.0540540541,
						1,
						0
					],
					[
						78891.8918918919,
						2,
						0
					],
					[
						78243.2432432432,
						2,
						0
					]
				],
				"lengthInSteps": 16,
				"mustHitSection": false
			},
			{
				"sectionNotes": [
					[
						79135.1351351351,
						3,
						0
					],
					[
						79297.2972972973,
						1,
						0
					],
					[
						79459.4594594595,
						3,
						0
					],
					[
						79540.5405405405,
						2,
						0
					],
					[
						79621.6216216216,
						0,
						0
					],
					[
						79702.7027027027,
						3,
						0
					],
					[
						79783.7837837838,
						1,
						0
					],
					[
						79945.9459459459,
						2,
						0
					],
					[
						80108.1081081081,
						1,
						0
					],
					[
						80270.2702702703,
						3,
						0
					]
				],
				"lengthInSteps": 16,
				"gfSection": false,
				"mustHitSection": false
			},
			{
				"sectionNotes": [
					[
						80432.4324324324,
						1,
						0
					],
					[
						80594.5945945946,
						3,
						0
					],
					[
						80756.7567567567,
						1,
						0
					],
					[
						80918.9189189189,
						0,
						0
					],
					[
						81000,
						3,
						0
					],
					[
						81081.0810810811,
						1,
						0
					],
					[
						81243.2432432432,
						2,
						0
					],
					[
						81405.4054054054,
						1,
						0
					],
					[
						81567.5675675676,
						0,
						0
					],
					[
						81648.6486486486,
						1,
						0
					],
					[
						81486.4864864865,
						2,
						0
					],
					[
						80837.8378378378,
						2,
						0
					]
				],
				"lengthInSteps": 16,
				"mustHitSection": true
			},
			{
				"sectionNotes": [
					[
						81729.7297297297,
						3,
						0
					],
					[
						81891.8918918919,
						1,
						0
					],
					[
						82054.0540540541,
						3,
						0
					],
					[
						82135.1351351351,
						2,
						0
					],
					[
						82216.2162162162,
						0,
						0
					],
					[
						82297.2972972973,
						3,
						0
					],
					[
						82378.3783783784,
						1,
						0
					],
					[
						82540.5405405405,
						2,
						0
					],
					[
						82702.7027027027,
						1,
						0
					],
					[
						82864.8648648649,
						3,
						0
					],
					[
						82702.7027027027,
						5,
						0
					],
					[
						82864.8648648649,
						7,
						0
					]
				],
				"lengthInSteps": 16,
				"gfSection": false,
				"mustHitSection": true
			},
			{
				"sectionNotes": [
					[
						83027.027027027,
						3,
						0
					],
					[
						83189.1891891892,
						1,
						0
					],
					[
						83270.2702702703,
						0,
						0
					],
					[
						83351.3513513513,
						2,
						0
					],
					[
						83513.5135135135,
						3,
						0
					],
					[
						83594.5945945946,
						1,
						0
					],
					[
						83675.6756756757,
						3,
						0
					],
					[
						83837.8378378378,
						0,
						0
					],
					[
						84000,
						2,
						0
					],
					[
						84162.1621621622,
						1,
						0
					],
					[
						84243.2432432432,
						3,
						0
					]
				],
				"lengthInSteps": 16,
				"gfSection": false,
				"mustHitSection": false
			},
			{
				"lengthInSteps": 16,
				"typeOfSection": 0,
				"sectionNotes": [
					[
						84324.3243243243,
						2,
						0
					],
					[
						84486.4864864865,
						0,
						0
					],
					[
						84648.6486486486,
						1,
						0
					],
					[
						84810.8108108108,
						3,
						0
					],
					[
						84972.972972973,
						2,
						0
					],
					[
						85054.0540540541,
						0,
						0
					],
					[
						85135.1351351351,
						2,
						0
					],
					[
						85216.2162162162,
						0,
						0
					],
					[
						85297.2972972973,
						1,
						0
					],
					[
						85459.4594594595,
						3,
						0
					],
					[
						85297.2972972973,
						6,
						0
					],
					[
						85459.4594594595,
						7,
						0
					]
				],
				"altAnim": false,
				"gfSection": false,
				"bpm": 180,
				"changeBPM": false,
				"mustHitSection": false
			},
			{
				"lengthInSteps": 16,
				"typeOfSection": 0,
				"sectionNotes": [
					[
						85621.6216216216,
						3,
						0
					],
					[
						85783.7837837838,
						1,
						0
					],
					[
						85864.8648648649,
						0,
						0
					],
					[
						85945.9459459459,
						2,
						0
					],
					[
						86108.1081081081,
						3,
						0
					],
					[
						86189.1891891892,
						1,
						0
					],
					[
						86270.2702702703,
						3,
						0
					],
					[
						86432.4324324324,
						0,
						0
					],
					[
						86594.5945945946,
						2,
						0
					],
					[
						86756.7567567568,
						1,
						0
					],
					[
						86837.8378378378,
						3,
						0
					]
				],
				"altAnim": false,
				"bpm": 220,
				"changeBPM": false,
				"mustHitSection": true
			},
			{
				"lengthInSteps": 16,
				"typeOfSection": 0,
				"sectionNotes": [
					[
						86918.9189189189,
						2,
						0
					],
					[
						87081.0810810811,
						0,
						0
					],
					[
						87243.2432432432,
						1,
						0
					],
					[
						87405.4054054054,
						3,
						0
					],
					[
						87567.5675675676,
						2,
						0
					],
					[
						87648.6486486487,
						0,
						0
					],
					[
						87729.7297297297,
						2,
						0
					],
					[
						87810.8108108108,
						0,
						0
					],
					[
						87891.8918918919,
						1,
						0
					],
					[
						88054.0540540541,
						3,
						0
					]
				],
				"altAnim": false,
				"bpm": 220,
				"changeBPM": false,
				"mustHitSection": true
			},
			{
				"lengthInSteps": 16,
				"typeOfSection": 0,
				"sectionNotes": [
					[
						88216.2162162162,
						1,
						0
					],
					[
						88378.3783783784,
						3,
						0
					],
					[
						88459.4594594595,
						2,
						0
					],
					[
						88540.5405405405,
						1,
						0
					],
					[
						88702.7027027027,
						0,
						0
					],
					[
						88783.7837837838,
						3,
						0
					],
					[
						88864.8648648649,
						1,
						0
					],
					[
						89027.027027027,
						2,
						0
					],
					[
						89189.1891891892,
						1,
						0
					],
					[
						89351.3513513513,
						0,
						0
					],
					[
						89432.4324324324,
						1,
						0
					]
				],
				"altAnim": false,
				"gfSection": false,
				"bpm": 220,
				"changeBPM": false,
				"mustHitSection": false
			},
			{
				"lengthInSteps": 16,
				"typeOfSection": 0,
				"sectionNotes": [
					[
						89513.5135135135,
						3,
						0
					],
					[
						89594.5945945946,
						1,
						0
					],
					[
						89675.6756756757,
						3,
						0
					],
					[
						89756.7567567568,
						1,
						0
					],
					[
						89837.8378378378,
						2,
						0
					],
					[
						90162.1621621622,
						2,
						0
					],
					[
						90243.2432432432,
						0,
						0
					],
					[
						90324.3243243243,
						2,
						0
					],
					[
						90405.4054054054,
						0,
						0
					],
					[
						90486.4864864865,
						3,
						0
					]
				],
				"altAnim": false,
				"gfSection": false,
				"bpm": 220,
				"changeBPM": false,
				"mustHitSection": false
			},
			{
				"lengthInSteps": 16,
				"typeOfSection": 0,
				"sectionNotes": [
					[
						90810.8108108108,
						1,
						0
					],
					[
						90972.972972973,
						3,
						0
					],
					[
						91054.0540540541,
						2,
						0
					],
					[
						91135.1351351351,
						1,
						0
					],
					[
						91297.2972972973,
						0,
						0
					],
					[
						91378.3783783784,
						3,
						0
					],
					[
						91459.4594594595,
						1,
						0
					],
					[
						91621.6216216216,
						2,
						0
					],
					[
						91783.7837837838,
						1,
						0
					],
					[
						91945.9459459459,
						0,
						0
					],
					[
						92027.027027027,
						1,
						0
					]
				],
				"gfSection": false,
				"altAnim": false,
				"bpm": 220,
				"changeBPM": false,
				"mustHitSection": true
			},
			{
				"lengthInSteps": 16,
				"typeOfSection": 0,
				"sectionNotes": [
					[
						92108.1081081081,
						3,
						0
					],
					[
						92189.1891891892,
						1,
						0
					],
					[
						92270.2702702703,
						3,
						0
					],
					[
						92351.3513513513,
						1,
						0
					],
					[
						92432.4324324324,
						2,
						0
					],
					[
						92756.7567567567,
						2,
						243.243243243243
					],
					[
						93081.0810810811,
						1,
						0
					],
					[
						93243.2432432432,
						3,
						0
					]
				],
				"gfSection": false,
				"altAnim": false,
				"bpm": 220,
				"changeBPM": false,
				"mustHitSection": true
			},
			{
				"lengthInSteps": 16,
				"typeOfSection": 0,
				"sectionNotes": [
					[
						93405.4054054054,
						3,
						0
					],
					[
						93567.5675675676,
						1,
						0
					],
					[
						93729.7297297297,
						2,
						0
					],
					[
						93891.8918918919,
						3,
						0
					],
					[
						93972.972972973,
						1,
						0
					],
					[
						94054.0540540541,
						3,
						0
					],
					[
						94216.2162162162,
						0,
						0
					],
					[
						94378.3783783784,
						2,
						0
					],
					[
						94540.5405405405,
						1,
						0
					],
					[
						94621.6216216216,
						3,
						0
					],
					[
						93810.8108108108,
						1,
						0
					],
					[
						94459.4594594595,
						0,
						0
					]
				],
				"altAnim": false,
				"bpm": 220,
				"changeBPM": false,
				"mustHitSection": false
			},
			{
				"lengthInSteps": 16,
				"typeOfSection": 0,
				"sectionNotes": [
					[
						94702.7027027027,
						2,
						0
					],
					[
						94864.8648648649,
						0,
						0
					],
					[
						95027.027027027,
						1,
						0
					],
					[
						95189.1891891892,
						3,
						0
					],
					[
						95351.3513513513,
						2,
						0
					],
					[
						95675.6756756757,
						1,
						0
					],
					[
						95837.8378378378,
						3,
						0
					],
					[
						95108.1081081081,
						2,
						0
					],
					[
						95270.2702702703,
						1,
						0
					],
					[
						95513.5135135135,
						0,
						0
					]
				],
				"altAnim": false,
				"bpm": 220,
				"changeBPM": false,
				"mustHitSection": false
			},
			{
				"lengthInSteps": 16,
				"typeOfSection": 0,
				"sectionNotes": [
					[
						96000,
						3,
						0
					],
					[
						96162.1621621622,
						1,
						0
					],
					[
						96324.3243243243,
						2,
						0
					],
					[
						96486.4864864865,
						3,
						0
					],
					[
						96567.5675675676,
						1,
						0
					],
					[
						96648.6486486487,
						3,
						0
					],
					[
						96810.8108108108,
						0,
						0
					],
					[
						96972.972972973,
						2,
						0
					],
					[
						97135.1351351351,
						1,
						0
					],
					[
						97216.2162162162,
						3,
						0
					],
					[
						96405.4054054054,
						1,
						0
					],
					[
						97054.054054054,
						0,
						0
					],
					[
						96000,
						6,
						243.243243243243
					],
					[
						96324.3243243243,
						5,
						0
					],
					[
						96648.6486486486,
						7,
						243.243243243243
					],
					[
						96972.9729729729,
						5,
						243.243243243243
					]
				],
				"altAnim": false,
				"bpm": 320,
				"changeBPM": false,
				"mustHitSection": true
			},
			{
				"lengthInSteps": 16,
				"typeOfSection": 0,
				"sectionNotes": [
					[
						97297.2972972973,
						2,
						0
					],
					[
						97459.4594594595,
						0,
						0
					],
					[
						97621.6216216216,
						1,
						0
					],
					[
						97783.7837837838,
						3,
						0
					],
					[
						97945.9459459459,
						2,
						0
					],
					[
						98270.2702702703,
						1,
						0
					],
					[
						98432.4324324324,
						3,
						0
					],
					[
						97702.7027027027,
						2,
						0
					],
					[
						97864.8648648649,
						1,
						0
					],
					[
						98108.1081081081,
						0,
						0
					],
					[
						97297.2972972972,
						6,
						243.243243243243
					],
					[
						97621.6216216216,
						4,
						243.243243243243
					],
					[
						97945.9459459459,
						7,
						243.243243243243
					],
					[
						98270.2702702702,
						5,
						243.243243243243
					]
				],
				"altAnim": false,
				"bpm": 220,
				"changeBPM": false,
				"mustHitSection": true
			},
			{
				"lengthInSteps": 16,
				"typeOfSection": 0,
				"sectionNotes": [
					[
						98594.5945945946,
						1,
						0
					],
					[
						98756.7567567568,
						3,
						0
					],
					[
						98918.9189189189,
						1,
						0
					],
					[
						99081.0810810811,
						0,
						0
					],
					[
						99162.1621621622,
						3,
						0
					],
					[
						99243.2432432432,
						1,
						0
					],
					[
						99405.4054054054,
						2,
						0
					],
					[
						99567.5675675676,
						1,
						0
					],
					[
						99729.7297297297,
						0,
						0
					],
					[
						99810.8108108108,
						1,
						0
					],
					[
						99648.6486486487,
						2,
						0
					],
					[
						99000,
						2,
						0
					]
				],
				"altAnim": false,
				"bpm": 220,
				"changeBPM": false,
				"mustHitSection": false
			},
			{
				"lengthInSteps": 16,
				"typeOfSection": 0,
				"sectionNotes": [
					[
						99891.8918918919,
						3,
						0
					],
					[
						100054.054054054,
						1,
						0
					],
					[
						100216.216216216,
						3,
						0
					],
					[
						100297.297297297,
						2,
						0
					],
					[
						100378.378378378,
						0,
						0
					],
					[
						100459.459459459,
						3,
						0
					],
					[
						100540.540540541,
						1,
						0
					],
					[
						100702.702702703,
						2,
						0
					],
					[
						100864.864864865,
						1,
						0
					],
					[
						101027.027027027,
						3,
						0
					]
				],
				"gfSection": false,
				"altAnim": false,
				"bpm": 220,
				"changeBPM": false,
				"mustHitSection": false
			},
			{
				"lengthInSteps": 16,
				"typeOfSection": 0,
				"sectionNotes": [
					[
						101189.189189189,
						1,
						0
					],
					[
						101351.351351351,
						3,
						0
					],
					[
						101513.513513514,
						1,
						0
					],
					[
						101675.675675676,
						0,
						0
					],
					[
						101756.756756757,
						3,
						0
					],
					[
						101837.837837838,
						1,
						0
					],
					[
						102000,
						2,
						0
					],
					[
						102162.162162162,
						1,
						0
					],
					[
						102324.324324324,
						0,
						0
					],
					[
						102405.405405405,
						1,
						0
					],
					[
						102243.243243243,
						2,
						0
					],
					[
						101594.594594595,
						2,
						0
					]
				],
				"gfSection": false,
				"altAnim": false,
				"bpm": 220,
				"changeBPM": false,
				"mustHitSection": true
			},
			{
				"lengthInSteps": 16,
				"typeOfSection": 0,
				"sectionNotes": [
					[
						102486.486486486,
						3,
						0
					],
					[
						102648.648648649,
						1,
						0
					],
					[
						102810.810810811,
						3,
						0
					],
					[
						102891.891891892,
						2,
						0
					],
					[
						102972.972972973,
						0,
						0
					],
					[
						103054.054054054,
						3,
						0
					],
					[
						103135.135135135,
						1,
						0
					],
					[
						103297.297297297,
						2,
						0
					],
					[
						103459.459459459,
						1,
						0
					],
					[
						103621.621621622,
						3,
						0
					]
				],
				"altAnim": false,
				"gfSection": false,
				"bpm": 220,
				"changeBPM": false,
				"mustHitSection": true
			},
			{
				"lengthInSteps": 16,
				"typeOfSection": 0,
				"sectionNotes": [
					[
						103783.783783784,
						2,
						243.243243243243
					],
					[
						103783.783783784,
						6,
						243.243243243243
					]
				],
				"altAnim": false,
				"gfSection": false,
				"bpm": 220,
				"changeBPM": false,
				"mustHitSection": false
			},
			{
				"lengthInSteps": 16,
				"typeOfSection": 0,
				"sectionNotes": [],
				"altAnim": false,
				"gfSection": false,
				"bpm": 220,
				"changeBPM": false,
				"mustHitSection": false
			},
			{
				"lengthInSteps": 16,
				"typeOfSection": 0,
				"sectionNotes": [],
				"altAnim": false,
				"bpm": 220,
				"changeBPM": false,
				"mustHitSection": false
			},
			{
				"lengthInSteps": 16,
				"typeOfSection": 0,
				"sectionNotes": [],
				"altAnim": false,
				"bpm": 220,
				"changeBPM": false,
				"mustHitSection": false
			},
			{
				"lengthInSteps": 16,
				"typeOfSection": 0,
				"sectionNotes": [],
				"altAnim": false,
				"bpm": 220,
				"changeBPM": false,
				"mustHitSection": true
			},
			{
				"lengthInSteps": 16,
				"typeOfSection": 0,
				"sectionNotes": [],
				"altAnim": false,
				"bpm": 220,
				"changeBPM": false,
				"mustHitSection": true
			},
			{
				"lengthInSteps": 16,
				"typeOfSection": 0,
				"sectionNotes": [],
				"altAnim": false,
				"gfSection": false,
				"bpm": 220,
				"changeBPM": false,
				"mustHitSection": true
			},
			{
				"lengthInSteps": 16,
				"typeOfSection": 0,
				"sectionNotes": [],
				"altAnim": false,
				"bpm": 220,
				"changeBPM": false,
				"mustHitSection": true
			},
			{
				"lengthInSteps": 16,
				"typeOfSection": 0,
				"sectionNotes": [],
				"altAnim": false,
				"gfSection": false,
				"bpm": 220,
				"changeBPM": false,
				"mustHitSection": false
			},
			{
				"lengthInSteps": 16,
				"typeOfSection": 0,
				"sectionNotes": [],
				"altAnim": false,
				"bpm": 220,
				"changeBPM": false,
				"mustHitSection": false
			},
			{
				"lengthInSteps": 16,
				"typeOfSection": 0,
				"sectionNotes": [],
				"altAnim": false,
				"gfSection": false,
				"bpm": 220,
				"changeBPM": false,
				"mustHitSection": false
			},
			{
				"lengthInSteps": 16,
				"typeOfSection": 0,
				"sectionNotes": [],
				"altAnim": false,
				"bpm": 220,
				"changeBPM": false,
				"mustHitSection": false
			},
			{
				"lengthInSteps": 16,
				"typeOfSection": 0,
				"sectionNotes": [],
				"altAnim": false,
				"gfSection": false,
				"bpm": 220,
				"changeBPM": false,
				"mustHitSection": true
			},
			{
				"lengthInSteps": 16,
				"typeOfSection": 0,
				"sectionNotes": [],
				"altAnim": false,
				"bpm": 220,
				"changeBPM": false,
				"mustHitSection": true
			},
			{
				"lengthInSteps": 16,
				"typeOfSection": 0,
				"sectionNotes": [],
				"altAnim": false,
				"gfSection": false,
				"bpm": 220,
				"changeBPM": false,
				"mustHitSection": true
			},
			{
				"lengthInSteps": 16,
				"typeOfSection": 0,
				"sectionNotes": [],
				"altAnim": false,
				"gfSection": false,
				"bpm": 220,
				"changeBPM": false,
				"mustHitSection": true
			},
			{
				"lengthInSteps": 16,
				"typeOfSection": 0,
				"sectionNotes": [],
				"altAnim": false,
				"bpm": 220,
				"changeBPM": false,
				"mustHitSection": false
			},
			{
				"lengthInSteps": 16,
				"typeOfSection": 0,
				"sectionNotes": [],
				"altAnim": false,
				"bpm": 220,
				"changeBPM": false,
				"mustHitSection": true
			},
			{
				"lengthInSteps": 16,
				"typeOfSection": 0,
				"sectionNotes": [],
				"altAnim": false,
				"bpm": 220,
				"changeBPM": false,
				"mustHitSection": true
			},
			{
				"lengthInSteps": 16,
				"typeOfSection": 0,
				"sectionNotes": [],
				"altAnim": false,
				"bpm": 220,
				"changeBPM": false,
				"mustHitSection": true
			},
			{
				"lengthInSteps": 16,
				"typeOfSection": 0,
				"sectionNotes": [],
				"altAnim": false,
				"gfSection": false,
				"bpm": 220,
				"changeBPM": false,
				"mustHitSection": false
			},
			{
				"lengthInSteps": 16,
				"typeOfSection": 0,
				"sectionNotes": [],
				"altAnim": false,
				"gfSection": false,
				"bpm": 220,
				"changeBPM": false,
				"mustHitSection": false
			},
			{
				"lengthInSteps": 16,
				"typeOfSection": 0,
				"sectionNotes": [],
				"altAnim": false,
				"bpm": 220,
				"changeBPM": false,
				"mustHitSection": false
			},
			{
				"lengthInSteps": 16,
				"typeOfSection": 0,
				"sectionNotes": [],
				"altAnim": false,
				"bpm": 220,
				"changeBPM": false,
				"mustHitSection": false
			},
			{
				"lengthInSteps": 16,
				"typeOfSection": 0,
				"sectionNotes": [],
				"altAnim": false,
				"gfSection": false,
				"bpm": 220,
				"changeBPM": false,
				"mustHitSection": true
			},
			{
				"lengthInSteps": 16,
				"typeOfSection": 0,
				"sectionNotes": [],
				"altAnim": false,
				"bpm": 220,
				"changeBPM": false,
				"mustHitSection": true
			},
			{
				"lengthInSteps": 16,
				"typeOfSection": 0,
				"sectionNotes": [],
				"altAnim": false,
				"bpm": 300,
				"changeBPM": false,
				"mustHitSection": true
			},
			{
				"lengthInSteps": 16,
				"typeOfSection": 0,
				"sectionNotes": [],
				"altAnim": false,
				"bpm": 220,
				"changeBPM": false,
				"mustHitSection": true
			},
			{
				"lengthInSteps": 16,
				"typeOfSection": 0,
				"sectionNotes": [],
				"altAnim": false,
				"bpm": 220,
				"changeBPM": false,
				"mustHitSection": false
			},
			{
				"lengthInSteps": 16,
				"typeOfSection": 0,
				"sectionNotes": [],
				"altAnim": false,
				"bpm": 220,
				"changeBPM": false,
				"mustHitSection": false
			},
			{
				"lengthInSteps": 16,
				"typeOfSection": 0,
				"sectionNotes": [],
				"altAnim": false,
				"bpm": 220,
				"changeBPM": false,
				"mustHitSection": false
			},
			{
				"lengthInSteps": 16,
				"typeOfSection": 0,
				"sectionNotes": [],
				"altAnim": false,
				"bpm": 220,
				"changeBPM": false,
				"mustHitSection": false
			},
			{
				"lengthInSteps": 16,
				"typeOfSection": 0,
				"sectionNotes": [],
				"altAnim": false,
				"bpm": 220,
				"changeBPM": false,
				"mustHitSection": true
			},
			{
				"lengthInSteps": 16,
				"typeOfSection": 0,
				"sectionNotes": [],
				"altAnim": false,
				"bpm": 220,
				"changeBPM": false,
				"mustHitSection": true
			},
			{
				"lengthInSteps": 16,
				"typeOfSection": 0,
				"sectionNotes": [],
				"altAnim": false,
				"bpm": 220,
				"changeBPM": false,
				"mustHitSection": true
			},
			{
				"lengthInSteps": 16,
				"typeOfSection": 0,
				"sectionNotes": [],
				"altAnim": false,
				"bpm": 220,
				"changeBPM": false,
				"mustHitSection": true
			},
			{
				"lengthInSteps": 16,
				"typeOfSection": 0,
				"sectionNotes": [],
				"altAnim": false,
				"bpm": 220,
				"changeBPM": false,
				"mustHitSection": false
			},
			{
				"lengthInSteps": 16,
				"typeOfSection": 0,
				"sectionNotes": [],
				"altAnim": false,
				"bpm": 220,
				"changeBPM": false,
				"mustHitSection": false
			},
			{
				"lengthInSteps": 16,
				"typeOfSection": 0,
				"sectionNotes": [],
				"altAnim": false,
				"bpm": 220,
				"changeBPM": false,
				"mustHitSection": false
			},
			{
				"sectionNotes": [],
				"typeOfSection": 0,
				"lengthInSteps": 16,
				"altAnim": false,
				"mustHitSection": false,
				"changeBPM": false,
				"bpm": 220
			},
			{
				"lengthInSteps": 16,
				"typeOfSection": 0,
				"sectionNotes": [],
				"altAnim": false,
				"bpm": 220,
				"changeBPM": false,
				"mustHitSection": true
			},
			{
				"sectionNotes": [],
				"typeOfSection": 0,
				"lengthInSteps": 16,
				"altAnim": false,
				"mustHitSection": true,
				"changeBPM": false,
				"bpm": 220
			},
			{
				"sectionNotes": [],
				"typeOfSection": 0,
				"lengthInSteps": 16,
				"altAnim": false,
				"mustHitSection": true,
				"changeBPM": false,
				"bpm": 172
			},
			{
				"sectionNotes": [],
				"typeOfSection": 0,
				"lengthInSteps": 16,
				"altAnim": false,
				"mustHitSection": true,
				"changeBPM": false,
				"bpm": 172
			},
			{
				"lengthInSteps": 16,
				"typeOfSection": 0,
				"sectionNotes": [],
				"altAnim": false,
				"bpm": 172,
				"changeBPM": false,
				"mustHitSection": false
			},
			{
				"lengthInSteps": 16,
				"typeOfSection": 0,
				"sectionNotes": [],
				"altAnim": false,
				"bpm": 172,
				"changeBPM": false,
				"mustHitSection": false
			},
			{
				"lengthInSteps": 16,
				"typeOfSection": 0,
				"sectionNotes": [],
				"altAnim": false,
				"bpm": 172,
				"changeBPM": false,
				"mustHitSection": false
			},
			{
				"lengthInSteps": 16,
				"typeOfSection": 0,
				"sectionNotes": [],
				"altAnim": false,
				"bpm": 172,
				"changeBPM": false,
				"mustHitSection": false
			},
			{
				"lengthInSteps": 16,
				"typeOfSection": 0,
				"sectionNotes": [],
				"altAnim": false,
				"bpm": 172,
				"changeBPM": false,
				"mustHitSection": true
			},
			{
				"lengthInSteps": 16,
				"typeOfSection": 0,
				"sectionNotes": [],
				"altAnim": false,
				"bpm": 172,
				"changeBPM": false,
				"mustHitSection": true
			},
			{
				"lengthInSteps": 16,
				"typeOfSection": 0,
				"sectionNotes": [],
				"altAnim": false,
				"bpm": 172,
				"changeBPM": false,
				"mustHitSection": true
			},
			{
				"sectionNotes": [],
				"typeOfSection": 0,
				"lengthInSteps": 16,
				"gfSection": false,
				"altAnim": false,
				"mustHitSection": true,
				"changeBPM": false,
				"bpm": 172
			},
			{
				"sectionNotes": [],
				"typeOfSection": 0,
				"lengthInSteps": 16,
				"gfSection": false,
				"altAnim": false,
				"mustHitSection": false,
				"changeBPM": false,
				"bpm": 172
			},
			{
				"sectionNotes": [],
				"typeOfSection": 0,
				"lengthInSteps": 16,
				"gfSection": false,
				"altAnim": false,
				"mustHitSection": false,
				"changeBPM": false,
				"bpm": 172
			},
			{
				"sectionNotes": [],
				"typeOfSection": 0,
				"lengthInSteps": 16,
				"gfSection": false,
				"altAnim": false,
				"mustHitSection": true,
				"changeBPM": false,
				"bpm": 172
			},
			{
				"sectionNotes": [],
				"typeOfSection": 0,
				"lengthInSteps": 16,
				"gfSection": false,
				"altAnim": false,
				"mustHitSection": true,
				"changeBPM": false,
				"bpm": 172
			},
			{
				"sectionNotes": [],
				"typeOfSection": 0,
				"lengthInSteps": 16,
				"gfSection": false,
				"altAnim": false,
				"mustHitSection": true,
				"changeBPM": false,
				"bpm": 172
			},
			{
				"lengthInSteps": 16,
				"typeOfSection": 0,
				"sectionNotes": [],
				"altAnim": false,
				"gfSection": false,
				"bpm": 172,
				"changeBPM": false,
				"mustHitSection": true
			},
			{
				"lengthInSteps": 16,
				"typeOfSection": 0,
				"sectionNotes": [],
				"altAnim": false,
				"gfSection": false,
				"bpm": 200,
				"changeBPM": false,
				"mustHitSection": true
			},
			{
				"lengthInSteps": 16,
				"typeOfSection": 0,
				"sectionNotes": [],
				"altAnim": false,
				"gfSection": false,
				"bpm": 200,
				"changeBPM": false,
				"mustHitSection": true
			},
			{
				"lengthInSteps": 16,
				"typeOfSection": 0,
				"sectionNotes": [],
				"altAnim": false,
				"gfSection": false,
				"bpm": 200,
				"changeBPM": false,
				"mustHitSection": true
			},
			{
				"lengthInSteps": 16,
				"typeOfSection": 0,
				"sectionNotes": [],
				"altAnim": false,
				"gfSection": false,
				"bpm": 200,
				"changeBPM": false,
				"mustHitSection": true
			},
			{
				"lengthInSteps": 16,
				"typeOfSection": 0,
				"sectionNotes": [],
				"altAnim": false,
				"gfSection": false,
				"bpm": 200,
				"changeBPM": false,
				"mustHitSection": true
			},
			{
				"sectionBeats": 4,
				"sectionNotes": [],
				"typeOfSection": 0,
				"gfSection": false,
				"altAnim": false,
				"mustHitSection": true,
				"changeBPM": false,
				"bpm": 200
			},
			{
				"sectionBeats": 4,
				"sectionNotes": [],
				"typeOfSection": 0,
				"gfSection": false,
				"altAnim": false,
				"mustHitSection": true,
				"changeBPM": false,
				"bpm": 200
			},
			{
				"typeOfSection": 0,
				"sectionNotes": [],
				"sectionBeats": 4,
				"altAnim": false,
				"gfSection": false,
				"bpm": 200,
				"changeBPM": false,
				"mustHitSection": true
			},
			{
				"sectionBeats": 4,
				"sectionNotes": [],
				"typeOfSection": 0,
				"gfSection": false,
				"altAnim": false,
				"mustHitSection": true,
				"changeBPM": false,
				"bpm": 200
			},
			{
				"sectionBeats": 4,
				"sectionNotes": [],
				"typeOfSection": 0,
				"gfSection": false,
				"altAnim": false,
				"mustHitSection": true,
				"changeBPM": false,
				"bpm": 300
			},
			{
				"typeOfSection": 0,
				"sectionNotes": [],
				"sectionBeats": 4,
				"altAnim": false,
				"gfSection": false,
				"bpm": 300,
				"changeBPM": false,
				"mustHitSection": true
			},
			{
				"typeOfSection": 0,
				"sectionNotes": [],
				"sectionBeats": 4,
				"altAnim": false,
				"gfSection": false,
				"bpm": 300,
				"changeBPM": false,
				"mustHitSection": true
			},
			{
				"typeOfSection": 0,
				"sectionNotes": [],
				"sectionBeats": 4,
				"altAnim": false,
				"gfSection": false,
				"bpm": 300,
				"changeBPM": false,
				"mustHitSection": true
			},
			{
				"typeOfSection": 0,
				"sectionNotes": [],
				"sectionBeats": 4,
				"altAnim": false,
				"gfSection": false,
				"bpm": 300,
				"changeBPM": false,
				"mustHitSection": true
			},
			{
				"typeOfSection": 0,
				"sectionNotes": [],
				"sectionBeats": 4,
				"altAnim": false,
				"gfSection": false,
				"bpm": 300,
				"changeBPM": false,
				"mustHitSection": true
			},
			{
				"typeOfSection": 0,
				"sectionNotes": [],
				"sectionBeats": 4,
				"altAnim": false,
				"gfSection": false,
				"bpm": 300,
				"changeBPM": false,
				"mustHitSection": true
			},
			{
				"typeOfSection": 0,
				"sectionNotes": [],
				"sectionBeats": 4,
				"altAnim": false,
				"gfSection": false,
				"bpm": 300,
				"changeBPM": false,
				"mustHitSection": true
			},
			{
				"sectionBeats": 4,
				"sectionNotes": [],
				"typeOfSection": 0,
				"gfSection": false,
				"altAnim": false,
				"mustHitSection": true,
				"changeBPM": false,
				"bpm": 300
			},
			{
				"sectionBeats": 4,
				"sectionNotes": [],
				"typeOfSection": 0,
				"gfSection": false,
				"altAnim": false,
				"mustHitSection": true,
				"changeBPM": false,
				"bpm": 300
			},
			{
				"sectionBeats": 4,
				"sectionNotes": [],
				"typeOfSection": 0,
				"gfSection": false,
				"altAnim": false,
				"mustHitSection": true,
				"changeBPM": false,
				"bpm": 300
			},
			{
				"sectionBeats": 4,
				"sectionNotes": [],
				"typeOfSection": 0,
				"gfSection": false,
				"altAnim": false,
				"mustHitSection": true,
				"changeBPM": false,
				"bpm": 300
			},
			{
				"sectionBeats": 4,
				"sectionNotes": [],
				"typeOfSection": 0,
				"gfSection": false,
				"altAnim": false,
				"mustHitSection": true,
				"changeBPM": false,
				"bpm": 300
			},
			{
				"typeOfSection": 0,
				"sectionNotes": [],
				"sectionBeats": 4,
				"altAnim": false,
				"gfSection": false,
				"bpm": 300,
				"changeBPM": false,
				"mustHitSection": true
			},
			{
				"typeOfSection": 0,
				"sectionNotes": [],
				"sectionBeats": 4,
				"altAnim": false,
				"gfSection": false,
				"bpm": 300,
				"changeBPM": false,
				"mustHitSection": true
			},
			{
				"typeOfSection": 0,
				"sectionNotes": [],
				"sectionBeats": 4,
				"altAnim": false,
				"gfSection": false,
				"bpm": 300,
				"changeBPM": false,
				"mustHitSection": true
			},
			{
				"typeOfSection": 0,
				"sectionNotes": [],
				"sectionBeats": 4,
				"altAnim": false,
				"gfSection": false,
				"bpm": 300,
				"changeBPM": false,
				"mustHitSection": true
			},
			{
				"sectionBeats": 4,
				"sectionNotes": [],
				"typeOfSection": 0,
				"gfSection": false,
				"altAnim": false,
				"mustHitSection": true,
				"changeBPM": false,
				"bpm": 300
			},
			{
				"sectionBeats": 4,
				"sectionNotes": [],
				"typeOfSection": 0,
				"gfSection": false,
				"altAnim": false,
				"mustHitSection": true,
				"changeBPM": false,
				"bpm": 130
			},
			{
				"sectionBeats": 4,
				"sectionNotes": [],
				"typeOfSection": 0,
				"gfSection": false,
				"altAnim": false,
				"mustHitSection": true,
				"changeBPM": false,
				"bpm": 130
			},
			{
				"sectionBeats": 4,
				"sectionNotes": [],
				"typeOfSection": 0,
				"gfSection": false,
				"altAnim": false,
				"mustHitSection": true,
				"changeBPM": false,
				"bpm": 130
			},
			{
				"sectionBeats": 4,
				"sectionNotes": [],
				"typeOfSection": 0,
				"gfSection": false,
				"altAnim": false,
				"mustHitSection": true,
				"changeBPM": false,
				"bpm": 130
			},
			{
				"sectionBeats": 4,
				"sectionNotes": [],
				"typeOfSection": 0,
				"gfSection": false,
				"altAnim": false,
				"mustHitSection": true,
				"changeBPM": false,
				"bpm": 130
			},
			{
				"typeOfSection": 0,
				"sectionNotes": [],
				"sectionBeats": 4,
				"altAnim": false,
				"gfSection": false,
				"bpm": 130,
				"changeBPM": false,
				"mustHitSection": true
			},
			{
				"typeOfSection": 0,
				"sectionNotes": [],
				"sectionBeats": 4,
				"altAnim": false,
				"gfSection": false,
				"bpm": 130,
				"changeBPM": false,
				"mustHitSection": true
			},
			{
				"sectionBeats": 4,
				"sectionNotes": [],
				"typeOfSection": 0,
				"gfSection": false,
				"altAnim": false,
				"mustHitSection": true,
				"changeBPM": false,
				"bpm": 130
			},
			{
				"sectionBeats": 4,
				"sectionNotes": [],
				"typeOfSection": 0,
				"gfSection": false,
				"altAnim": false,
				"mustHitSection": true,
				"changeBPM": false,
				"bpm": 130
			},
			{
				"sectionBeats": 4,
				"sectionNotes": [],
				"typeOfSection": 0,
				"gfSection": false,
				"altAnim": false,
				"mustHitSection": true,
				"changeBPM": false,
				"bpm": 180
			},
			{
				"sectionBeats": 4,
				"sectionNotes": [],
				"typeOfSection": 0,
				"gfSection": false,
				"altAnim": false,
				"mustHitSection": true,
				"changeBPM": false,
				"bpm": 180
			},
			{
				"sectionBeats": 4,
				"sectionNotes": [],
				"typeOfSection": 0,
				"gfSection": false,
				"altAnim": false,
				"mustHitSection": true,
				"changeBPM": false,
				"bpm": 180
			},
			{
				"typeOfSection": 0,
				"sectionNotes": [],
				"sectionBeats": 4,
				"altAnim": false,
				"gfSection": false,
				"bpm": 180,
				"changeBPM": false,
				"mustHitSection": true
			},
			{
				"typeOfSection": 0,
				"sectionNotes": [],
				"sectionBeats": 4,
				"altAnim": false,
				"gfSection": false,
				"bpm": 180,
				"changeBPM": false,
				"mustHitSection": true
			},
			{
				"sectionBeats": 4,
				"sectionNotes": [],
				"typeOfSection": 0,
				"gfSection": false,
				"altAnim": false,
				"mustHitSection": true,
				"changeBPM": false,
				"bpm": 180
			},
			{
				"sectionBeats": 4,
				"sectionNotes": [],
				"typeOfSection": 0,
				"gfSection": false,
				"altAnim": false,
				"mustHitSection": true,
				"changeBPM": false,
				"bpm": 160
			},
			{
				"sectionBeats": 4,
				"sectionNotes": [],
				"typeOfSection": 0,
				"gfSection": false,
				"altAnim": false,
				"mustHitSection": true,
				"changeBPM": false,
				"bpm": 160
			},
			{
				"typeOfSection": 0,
				"sectionNotes": [],
				"sectionBeats": 4,
				"altAnim": false,
				"gfSection": false,
				"bpm": 160,
				"changeBPM": false,
				"mustHitSection": true
			},
			{
				"sectionBeats": 4,
				"sectionNotes": [],
				"typeOfSection": 0,
				"gfSection": false,
				"altAnim": false,
				"mustHitSection": true,
				"changeBPM": false,
				"bpm": 160
			},
			{
				"typeOfSection": 0,
				"sectionNotes": [],
				"sectionBeats": 4,
				"altAnim": false,
				"gfSection": false,
				"bpm": 160,
				"changeBPM": false,
				"mustHitSection": true
			},
			{
				"typeOfSection": 0,
				"sectionNotes": [],
				"sectionBeats": 4,
				"altAnim": false,
				"gfSection": false,
				"bpm": 160,
				"changeBPM": false,
				"mustHitSection": true
			},
			{
				"typeOfSection": 0,
				"sectionNotes": [],
				"sectionBeats": 4,
				"altAnim": false,
				"gfSection": false,
				"bpm": 160,
				"changeBPM": false,
				"mustHitSection": true
			},
			{
				"sectionBeats": 4,
				"sectionNotes": [],
				"typeOfSection": 0,
				"gfSection": false,
				"altAnim": false,
				"mustHitSection": true,
				"changeBPM": false,
				"bpm": 160
			},
			{
				"sectionBeats": 4,
				"sectionNotes": [],
				"typeOfSection": 0,
				"gfSection": false,
				"altAnim": false,
				"mustHitSection": true,
				"changeBPM": false,
				"bpm": 200
			},
			{
				"sectionBeats": 4,
				"sectionNotes": [],
				"typeOfSection": 0,
				"gfSection": false,
				"altAnim": false,
				"mustHitSection": true,
				"changeBPM": false,
				"bpm": 200
			},
			{
				"sectionBeats": 4,
				"sectionNotes": [],
				"typeOfSection": 0,
				"gfSection": false,
				"altAnim": false,
				"mustHitSection": true,
				"changeBPM": false,
				"bpm": 200
			},
			{
				"sectionBeats": 4,
				"sectionNotes": [],
				"typeOfSection": 0,
				"gfSection": false,
				"altAnim": false,
				"mustHitSection": true,
				"changeBPM": false,
				"bpm": 200
			},
			{
				"sectionBeats": 4,
				"sectionNotes": [],
				"typeOfSection": 0,
				"gfSection": false,
				"altAnim": false,
				"mustHitSection": true,
				"changeBPM": false,
				"bpm": 200
			},
			{
				"typeOfSection": 0,
				"sectionNotes": [],
				"sectionBeats": 4,
				"altAnim": false,
				"gfSection": false,
				"bpm": 200,
				"changeBPM": false,
				"mustHitSection": true
			},
			{
				"sectionBeats": 4,
				"sectionNotes": [],
				"typeOfSection": 0,
				"gfSection": false,
				"altAnim": false,
				"mustHitSection": true,
				"changeBPM": false,
				"bpm": 200
			},
			{
				"sectionBeats": 4,
				"sectionNotes": [],
				"typeOfSection": 0,
				"gfSection": false,
				"altAnim": false,
				"mustHitSection": true,
				"changeBPM": false,
				"bpm": 200
			},
			{
				"sectionBeats": 4,
				"sectionNotes": [],
				"typeOfSection": 0,
				"gfSection": false,
				"altAnim": false,
				"mustHitSection": true,
				"changeBPM": false,
				"bpm": 200
			},
			{
				"sectionBeats": 4,
				"sectionNotes": [],
				"typeOfSection": 0,
				"gfSection": false,
				"altAnim": false,
				"mustHitSection": true,
				"changeBPM": false,
				"bpm": 200
			},
			{
				"sectionBeats": 4,
				"sectionNotes": [],
				"typeOfSection": 0,
				"gfSection": false,
				"altAnim": false,
				"mustHitSection": true,
				"changeBPM": false,
				"bpm": 200
			},
			{
				"typeOfSection": 0,
				"sectionNotes": [],
				"sectionBeats": 4,
				"altAnim": false,
				"gfSection": false,
				"bpm": 200,
				"changeBPM": false,
				"mustHitSection": true
			},
			{
				"sectionBeats": 4,
				"sectionNotes": [],
				"typeOfSection": 0,
				"gfSection": false,
				"altAnim": false,
				"mustHitSection": true,
				"changeBPM": false,
				"bpm": 200
			},
			{
				"sectionBeats": 4,
				"sectionNotes": [],
				"typeOfSection": 0,
				"gfSection": false,
				"altAnim": false,
				"mustHitSection": true,
				"changeBPM": false,
				"bpm": 200
			},
			{
				"sectionBeats": 4,
				"sectionNotes": [],
				"typeOfSection": 0,
				"gfSection": false,
				"altAnim": false,
				"mustHitSection": true,
				"changeBPM": false,
				"bpm": 200
			},
			{
				"sectionBeats": 4,
				"sectionNotes": [],
				"typeOfSection": 0,
				"gfSection": false,
				"altAnim": false,
				"mustHitSection": true,
				"changeBPM": false,
				"bpm": 200
			},
			{
				"sectionBeats": 4,
				"sectionNotes": [],
				"typeOfSection": 0,
				"gfSection": false,
				"altAnim": false,
				"mustHitSection": true,
				"changeBPM": false,
				"bpm": 200
			},
			{
				"sectionBeats": 4,
				"sectionNotes": [],
				"typeOfSection": 0,
				"gfSection": false,
				"altAnim": false,
				"mustHitSection": true,
				"changeBPM": false,
				"bpm": 200
			},
			{
				"typeOfSection": 0,
				"sectionNotes": [],
				"sectionBeats": 4,
				"altAnim": false,
				"gfSection": false,
				"bpm": 200,
				"changeBPM": false,
				"mustHitSection": true
			},
			{
				"typeOfSection": 0,
				"sectionNotes": [],
				"sectionBeats": 4,
				"altAnim": false,
				"gfSection": false,
				"bpm": 160,
				"changeBPM": false,
				"mustHitSection": true
			},
			{
				"typeOfSection": 0,
				"sectionNotes": [],
				"sectionBeats": 4,
				"altAnim": false,
				"gfSection": false,
				"bpm": 160,
				"changeBPM": false,
				"mustHitSection": true
			},
			{
				"sectionBeats": 4,
				"sectionNotes": [],
				"typeOfSection": 0,
				"gfSection": false,
				"altAnim": false,
				"mustHitSection": true,
				"changeBPM": false,
				"bpm": 160
			},
			{
				"sectionBeats": 4,
				"sectionNotes": [],
				"typeOfSection": 0,
				"gfSection": false,
				"altAnim": false,
				"mustHitSection": true,
				"changeBPM": false,
				"bpm": 160
			},
			{
				"sectionBeats": 4,
				"sectionNotes": [],
				"typeOfSection": 0,
				"gfSection": false,
				"altAnim": false,
				"mustHitSection": true,
				"changeBPM": false,
				"bpm": 160
			},
			{
				"sectionBeats": 4,
				"sectionNotes": [],
				"typeOfSection": 0,
				"gfSection": false,
				"altAnim": false,
				"mustHitSection": true,
				"changeBPM": false,
				"bpm": 160
			},
			{
				"typeOfSection": 0,
				"sectionNotes": [],
				"sectionBeats": 4,
				"altAnim": false,
				"gfSection": false,
				"bpm": 160,
				"changeBPM": false,
				"mustHitSection": true
			},
			{
				"typeOfSection": 0,
				"sectionNotes": [],
				"sectionBeats": 4,
				"altAnim": false,
				"gfSection": false,
				"bpm": 160,
				"changeBPM": false,
				"mustHitSection": true
			},
			{
				"typeOfSection": 0,
				"sectionNotes": [],
				"sectionBeats": 4,
				"altAnim": false,
				"gfSection": false,
				"bpm": 160,
				"changeBPM": false,
				"mustHitSection": true
			},
			{
				"typeOfSection": 0,
				"sectionNotes": [],
				"sectionBeats": 4,
				"altAnim": false,
				"gfSection": false,
				"bpm": 160,
				"changeBPM": false,
				"mustHitSection": true
			},
			{
				"typeOfSection": 0,
				"sectionNotes": [],
				"sectionBeats": 4,
				"altAnim": false,
				"gfSection": false,
				"bpm": 160,
				"changeBPM": false,
				"mustHitSection": true
			},
			{
				"typeOfSection": 0,
				"sectionNotes": [],
				"sectionBeats": 4,
				"altAnim": false,
				"gfSection": false,
				"bpm": 160,
				"changeBPM": false,
				"mustHitSection": true
			},
			{
				"typeOfSection": 0,
				"sectionNotes": [],
				"sectionBeats": 4,
				"altAnim": false,
				"gfSection": false,
				"bpm": 160,
				"changeBPM": false,
				"mustHitSection": true
			},
			{
				"sectionBeats": 4,
				"sectionNotes": [],
				"typeOfSection": 0,
				"gfSection": false,
				"altAnim": false,
				"mustHitSection": true,
				"changeBPM": false,
				"bpm": 160
			},
			{
				"sectionBeats": 4,
				"sectionNotes": [],
				"typeOfSection": 0,
				"gfSection": false,
				"altAnim": false,
				"mustHitSection": true,
				"changeBPM": false,
				"bpm": 175
			},
			{
				"sectionBeats": 4,
				"sectionNotes": [],
				"typeOfSection": 0,
				"gfSection": false,
				"altAnim": false,
				"mustHitSection": true,
				"changeBPM": false,
				"bpm": 175
			},
			{
				"sectionBeats": 4,
				"sectionNotes": [],
				"typeOfSection": 0,
				"gfSection": false,
				"altAnim": false,
				"mustHitSection": true,
				"changeBPM": false,
				"bpm": 175
			},
			{
				"sectionBeats": 4,
				"sectionNotes": [],
				"typeOfSection": 0,
				"gfSection": false,
				"altAnim": false,
				"mustHitSection": true,
				"changeBPM": false,
				"bpm": 175
			},
			{
				"sectionBeats": 4,
				"sectionNotes": [],
				"typeOfSection": 0,
				"gfSection": false,
				"altAnim": false,
				"mustHitSection": true,
				"changeBPM": false,
				"bpm": 175
			},
			{
				"sectionBeats": 4,
				"sectionNotes": [],
				"typeOfSection": 0,
				"gfSection": false,
				"altAnim": false,
				"mustHitSection": true,
				"changeBPM": false,
				"bpm": 175
			},
			{
				"sectionBeats": 4,
				"sectionNotes": [],
				"typeOfSection": 0,
				"gfSection": false,
				"altAnim": false,
				"mustHitSection": true,
				"changeBPM": false,
				"bpm": 175
			},
			{
				"sectionBeats": 4,
				"sectionNotes": [],
				"typeOfSection": 0,
				"gfSection": false,
				"altAnim": false,
				"mustHitSection": true,
				"changeBPM": false,
				"bpm": 175
			},
			{
				"sectionBeats": 4,
				"sectionNotes": [],
				"typeOfSection": 0,
				"gfSection": false,
				"altAnim": false,
				"mustHitSection": true,
				"changeBPM": false,
				"bpm": 175
			},
			{
				"sectionBeats": 4,
				"sectionNotes": [],
				"typeOfSection": 0,
				"gfSection": false,
				"altAnim": false,
				"mustHitSection": true,
				"changeBPM": false,
				"bpm": 175
			},
			{
				"typeOfSection": 0,
				"sectionNotes": [],
				"sectionBeats": 4,
				"altAnim": false,
				"gfSection": false,
				"bpm": 114,
				"changeBPM": false,
				"mustHitSection": true
			},
			{
				"typeOfSection": 0,
				"sectionNotes": [],
				"sectionBeats": 4,
				"altAnim": false,
				"gfSection": false,
				"bpm": 114,
				"changeBPM": false,
				"mustHitSection": true
			},
			{
				"typeOfSection": 0,
				"sectionNotes": [],
				"sectionBeats": 4,
				"altAnim": false,
				"gfSection": false,
				"bpm": 114,
				"changeBPM": false,
				"mustHitSection": true
			},
			{
				"typeOfSection": 0,
				"sectionNotes": [],
				"sectionBeats": 4,
				"altAnim": false,
				"gfSection": false,
				"bpm": 114,
				"changeBPM": false,
				"mustHitSection": true
			},
			{
				"typeOfSection": 0,
				"sectionNotes": [],
				"sectionBeats": 4,
				"altAnim": false,
				"gfSection": false,
				"bpm": 114,
				"changeBPM": false,
				"mustHitSection": true
			},
			{
				"typeOfSection": 0,
				"sectionNotes": [],
				"sectionBeats": 4,
				"altAnim": false,
				"gfSection": false,
				"bpm": 114,
				"changeBPM": false,
				"mustHitSection": true
			},
			{
				"typeOfSection": 0,
				"sectionNotes": [],
				"sectionBeats": 4,
				"altAnim": false,
				"gfSection": false,
				"bpm": 114,
				"changeBPM": false,
				"mustHitSection": true
			},
			{
				"sectionBeats": 4,
				"sectionNotes": [],
				"typeOfSection": 0,
				"gfSection": false,
				"altAnim": false,
				"mustHitSection": true,
				"changeBPM": false,
				"bpm": 114
			},
			{
				"sectionBeats": 4,
				"sectionNotes": [],
				"typeOfSection": 0,
				"gfSection": false,
				"altAnim": false,
				"mustHitSection": true,
				"changeBPM": false,
				"bpm": 88
			},
			{
				"sectionBeats": 4,
				"sectionNotes": [],
				"typeOfSection": 0,
				"gfSection": false,
				"altAnim": false,
				"mustHitSection": true,
				"changeBPM": false,
				"bpm": 88
			},
			{
				"sectionBeats": 4,
				"sectionNotes": [],
				"typeOfSection": 0,
				"gfSection": false,
				"altAnim": false,
				"mustHitSection": true,
				"changeBPM": false,
				"bpm": 88
			},
			{
				"typeOfSection": 0,
				"sectionNotes": [],
				"sectionBeats": 4,
				"altAnim": false,
				"gfSection": false,
				"bpm": 88,
				"changeBPM": false,
				"mustHitSection": true
			},
			{
				"sectionBeats": 4,
				"sectionNotes": [],
				"typeOfSection": 0,
				"gfSection": false,
				"altAnim": false,
				"mustHitSection": true,
				"changeBPM": false,
				"bpm": 185
			},
			{
				"sectionBeats": 4,
				"sectionNotes": [],
				"typeOfSection": 0,
				"gfSection": false,
				"altAnim": false,
				"mustHitSection": true,
				"changeBPM": false,
				"bpm": 185
			},
			{
				"gfSection": false,
				"altAnim": false,
				"typeOfSection": 0,
				"sectionNotes": [],
				"bpm": 185,
				"sectionBeats": 4,
				"changeBPM": false,
				"mustHitSection": true
			},
			{
				"gfSection": false,
				"altAnim": false,
				"typeOfSection": 0,
				"sectionNotes": [],
				"bpm": 185,
				"sectionBeats": 4,
				"changeBPM": false,
				"mustHitSection": true
			},
			{
				"gfSection": false,
				"altAnim": false,
				"typeOfSection": 0,
				"sectionNotes": [],
				"bpm": 185,
				"sectionBeats": 4,
				"changeBPM": false,
				"mustHitSection": true
			}
		],
		"player2": "enel",
		"gfVersion": "gf",
		"events": [
			[
				92756.7567567567,
				[
					[
						"Add Camera Zoom",
						"0.5",
						"0"
					]
				]
			],
			[
				93081.0810810811,
				[
					[
						"Add Camera Zoom",
						"0.5",
						"0"
					]
				]
			],
			[
				93243.2432432432,
				[
					[
						"Add Camera Zoom",
						"0.5",
						"0"
					]
				]
			],
			[
				96000,
				[
					[
						"Add Camera Zoom",
						"0.5",
						"0"
					]
				]
			],
			[
				96324.3243243243,
				[
					[
						"Add Camera Zoom",
						"0.2",
						"0"
					]
				]
			],
			[
				96648.6486486486,
				[
					[
						"Add Camera Zoom",
						"0.4",
						"0"
					]
				]
			],
			[
				96972.9729729729,
				[
					[
						"Add Camera Zoom",
						"0.6",
						"0"
					]
				]
			],
			[
				97297.2972972972,
				[
					[
						"Add Camera Zoom",
						"0.3",
						"0"
					]
				]
			],
			[
				97621.6216216216,
				[
					[
						"Add Camera Zoom",
						"0.6",
						"0"
					]
				]
			],
			[
				97945.9459459459,
				[
					[
						"Add Camera Zoom",
						"0.3",
						"0"
					]
				]
			],
			[
				98270.2702702702,
				[
					[
						"Add Camera Zoom",
						"0.1",
						"0"
					]
				]
			],
			[
				103783.783783784,
				[
					[
						"Add Camera Zoom",
						"1",
						"0"
					]
				]
			]
		],
		"player3": null,
		"song": "salario",
		"validScore": true,
		"needsVoices": true,
		"arrowSkin": "",
		"stage": "stage",
		"bpm": 185,
		"speed": 2.5
	}
}