{
	"animations": [
		{
			"offsets": [
				160,
				-10
			],
			"loop": false,
			"anim": "idle",
			"fps": 24,
			"name": "idle",
			"indices": []
		},
		{
			"offsets": [
				155,
				187
			],
			"loop": false,
			"anim": "singUP",
			"fps": 24,
			"name": "up",
			"indices": []
		},
		{
			"offsets": [
				1220,
				10
			],
			"loop": false,
			"anim": "singLEFT",
			"fps": 24,
			"name": "left",
			"indices": []
		},
		{
			"offsets": [
				-190,
				-30
			],
			"loop": false,
			"anim": "singRIGHT",
			"fps": 24,
			"name": "right",
			"indices": []
		},
		{
			"offsets": [
				164,
				-60
			],
			"loop": false,
			"anim": "singDOWN",
			"fps": 24,
			"name": "down",
			"indices": []
		}
	],
	"no_antialiasing": true,
	"image": "corno/cornomanso",
	"position": [
		80,
		10
	],
	"healthicon": "cornomanso",
	"flip_x": false,
	"healthbar_colors": [
		75,
		36,
		0
	],
	"camera_position": [
		-320,
		90
	],
	"sing_duration": 4,
	"scale": 1
}