<?xml version='1.0' encoding='utf-8'?>
<TextureAtlas imagePath="cornomanso.png">
<SubTexture name="down0000" x="1557" y="2005" width="800" height="93" frameX="0" frameY="-608" frameWidth="800" frameHeight="800" />
<SubTexture name="down0001" x="1111" y="1310" width="592" height="179" frameX="-104" frameY="-522" frameWidth="800" frameHeight="800" />
<SubTexture name="down0002" x="1748" y="1597" width="450" height="266" frameX="-175" frameY="-435" frameWidth="800" frameHeight="800" />
<SubTexture name="idle0000" x="757" y="2005" width="800" height="106" frameX="0" frameY="-595" frameWidth="800" frameHeight="800" />
<SubTexture name="idle0001" x="0" y="2005" width="757" height="219" frameX="-22" frameY="-482" frameWidth="800" frameHeight="800" />
<SubTexture name="idle0002" x="1175" y="1597" width="573" height="326" frameX="-114" frameY="-375" frameWidth="800" frameHeight="800" />
<SubTexture name="idle0003" x="2000" y="1020" width="437" height="408" frameX="-183" frameY="-293" frameWidth="800" frameHeight="800" />
<SubTexture name="left0000" x="0" y="1597" width="718" height="408" frameX="-1266" frameY="-298" frameWidth="2000" frameHeight="800" />
<SubTexture name="left0001" x="0" y="1597" width="718" height="408" frameX="-903" frameY="-298" frameWidth="2000" frameHeight="800" />
<SubTexture name="left0002" x="0" y="1597" width="718" height="408" frameX="-639" frameY="-297" frameWidth="2000" frameHeight="800" />
<SubTexture name="left0003" x="0" y="1597" width="718" height="408" frameX="-243" frameY="-297" frameWidth="2000" frameHeight="800" />
<SubTexture name="left0004" x="718" y="1597" width="457" height="408" frameX="0" frameY="-296" frameWidth="2000" frameHeight="800" />
<SubTexture name="left0005" x="2618" y="510" width="13" height="408" frameX="0" frameY="-296" frameWidth="2000" frameHeight="800" />
<SubTexture name="left0006" x="0" y="0" width="2000" height="800" frameX="0" frameY="0" frameWidth="2000" frameHeight="800" />
<SubTexture name="right0000" x="1111" y="800" width="778" height="510" frameX="-22" frameY="-164" frameWidth="800" frameHeight="800" />
<SubTexture name="right0001" x="2000" y="0" width="720" height="510" frameX="-8" frameY="-164" frameWidth="800" frameHeight="800" />
<SubTexture name="right0002" x="2000" y="510" width="618" height="510" frameX="-2" frameY="-164" frameWidth="800" frameHeight="800" />
<SubTexture name="up0000" x="0" y="800" width="309" height="797" frameX="-245" frameY="0" frameWidth="800" frameHeight="800" />
<SubTexture name="up0001" x="309" y="800" width="371" height="768" frameX="-214" frameY="-29" frameWidth="800" frameHeight="800" />
<SubTexture name="up0002" x="680" y="800" width="431" height="698" frameX="-184" frameY="-99" frameWidth="800" frameHeight="800" />
</TextureAtlas>
